,0
download/bncHdr.xml,44785
download/Texts/aca/ALP.xml,106544
download/Texts/aca/FC1.xml,9937
download/Texts/aca/F98.xml,23569
download/Texts/aca/ACJ.xml,154034
download/Texts/aca/A6U.xml,111492
download/Texts/aca/J7G.xml,21132
download/Texts/aca/B2K.xml,103935
download/Texts/aca/AS6.xml,125467
download/Texts/aca/EA7.xml,105543
download/Texts/aca/B17.xml,140201
download/Texts/aca/CLW.xml,157992
download/Texts/aca/B1G.xml,158122
download/Texts/aca/AMM.xml,163838
download/Texts/aca/FEF.xml,110661
download/Texts/aca/CMA.xml,165442
download/Texts/aca/CRS.xml,165092
download/Texts/aca/ECV.xml,166426
download/Texts/aca/CTY.xml,175538
download/Texts/aca/CLP.xml,166502
download/Texts/aca/EWW.xml,170869
download/Texts/aca/EW1.xml,170510
download/Texts/aca/FPG.xml,159948
download/Texts/aca/F9V.xml,162951
download/Texts/aca/FSS.xml,179258
download/Texts/aca/J57.xml,152986
download/Texts/aca/HRG.xml,177588
download/Texts/aca/J18.xml,188482
download/Texts/aca/FT1.xml,189853
download/Texts/aca/HXH.xml,189296
download/Texts/aca/HWV.xml,186334
download/Texts/dem/KB5.xml,26227
download/Texts/dem/KBJ.xml,56058
download/Texts/dem/KDD.xml,10649
download/Texts/dem/KCC.xml,25261
download/Texts/dem/KDF.xml,7482
download/Texts/dem/KBC.xml,157417
download/Texts/dem/KP7.xml,9378
download/Texts/dem/KNR.xml,14694
download/Texts/dem/KP2.xml,41551
download/Texts/dem/KPX.xml,26674
download/Texts/dem/KSW.xml,30345
download/Texts/dem/KBP.xml,133075
download/Texts/dem/KDJ.xml,75685
download/Texts/dem/KCF.xml,109090
download/Texts/dem/KE4.xml,76600
download/Texts/dem/KSN.xml,68003
download/Texts/dem/KPU.xml,83430
download/Texts/dem/KD7.xml,95926
download/Texts/dem/KP5.xml,109383
download/Texts/dem/KD3.xml,165394
download/Texts/dem/KCV.xml,160266
download/Texts/dem/KD1.xml,191418
download/Texts/dem/KBH.xml,234005
download/Texts/dem/KBD.xml,285208
download/Texts/dem/KCU.xml,257080
download/Texts/dem/KE2.xml,370741
download/Texts/dem/KD8.xml,368197
download/Texts/dem/KD0.xml,389843
download/Texts/dem/KB7.xml,512849
download/Texts/dem/KBW.xml,566039
download/Texts/fic/AC2.xml,154958
download/Texts/fic/CCW.xml,164902
download/Texts/fic/AB9.xml,173979
download/Texts/fic/CB5.xml,172199
download/Texts/fic/BMW.xml,174282
download/Texts/fic/BPA.xml,156966
download/Texts/fic/CFY.xml,161407
download/Texts/fic/G0S.xml,178780
download/Texts/fic/FAJ.xml,176308
download/Texts/fic/C8T.xml,171920
download/Texts/fic/FET.xml,147023
download/Texts/fic/G0L.xml,178134
download/Texts/fic/FPB.xml,173197
download/Texts/fic/CDB.xml,158041
download/Texts/fic/K8V.xml,172183
download/Texts/fic/G0Y.xml,182320
download/Texts/fic/GUU.xml,177435
download/Texts/fic/J54.xml,154408
download/Texts/fic/H9C.xml,193189
download/Texts/fic/GVL.xml,182863
download/Texts/fic/H85.xml,181162
download/Texts/fic/HR9.xml,184016
download/Texts/fic/G01.xml,177525
download/Texts/fic/H9D.xml,186168
download/Texts/fic/J10.xml,190891
download/Texts/news/A1G.xml,42179
download/Texts/news/A1H.xml,12926
download/Texts/news/A1F.xml,37173
download/Texts/news/A1E.xml,40579
download/Texts/news/A1K.xml,8051
download/Texts/news/A1L.xml,7802
download/Texts/news/A1P.xml,10715
download/Texts/news/A1U.xml,17338
download/Texts/news/A1N.xml,61338
download/Texts/news/A1M.xml,20429
download/Texts/news/A2D.xml,11430
download/Texts/news/A38.xml,13378
download/Texts/news/A31.xml,14512
download/Texts/news/A3E.xml,7924
download/Texts/news/A1X.xml,13877
download/Texts/news/A39.xml,9608
download/Texts/news/A36.xml,25341
download/Texts/news/A3K.xml,14542
download/Texts/news/A5E.xml,22485
download/Texts/news/A7X.xml,3263
download/Texts/news/A3P.xml,32816
download/Texts/news/A4D.xml,13176
download/Texts/news/A1J.xml,57150
download/Texts/news/A82.xml,1122
download/Texts/news/A84.xml,1902
download/Texts/news/A7S.xml,22557
download/Texts/news/A3C.xml,35314
download/Texts/news/A8L.xml,4674
download/Texts/news/A3M.xml,12425
download/Texts/news/A8P.xml,10076
download/Texts/news/A8T.xml,3001
download/Texts/news/A8M.xml,14883
download/Texts/news/A8S.xml,6978
download/Texts/news/A9G.xml,1361
download/Texts/news/A97.xml,3723
download/Texts/news/A91.xml,10176
download/Texts/news/A7T.xml,35581
download/Texts/news/A9P.xml,2634
download/Texts/news/A9Y.xml,1273
download/Texts/news/A7Y.xml,44684
download/Texts/news/A8R.xml,27731
download/Texts/news/AA6.xml,5584
download/Texts/news/A9J.xml,15199
download/Texts/news/AAR.xml,10271
download/Texts/news/A98.xml,28119
download/Texts/news/A9X.xml,3120
download/Texts/news/A80.xml,44002
download/Texts/news/AAM.xml,7954
download/Texts/news/A8U.xml,35621
download/Texts/news/AJ1.xml,1844
download/Texts/news/AHE.xml,5202
download/Texts/news/AHD.xml,17557
download/Texts/news/AHL.xml,10640
download/Texts/news/AHH.xml,615
download/Texts/news/AJW.xml,3723
download/Texts/news/AA3.xml,36911
download/Texts/news/AJG.xml,2647
download/Texts/news/A8N.xml,49915
download/Texts/news/AL5.xml,10531
download/Texts/news/AL0.xml,21311
download/Texts/news/AJF.xml,27044
download/Texts/news/AL2.xml,37397
download/Texts/news/K2B.xml,9044
download/Texts/news/K29.xml,8480
download/Texts/news/AHB.xml,68691
download/Texts/news/K36.xml,2994
download/Texts/news/K38.xml,5486
download/Texts/news/A7W.xml,103424
download/Texts/news/K2A.xml,33044
download/Texts/news/K2C.xml,14222
download/Texts/news/K3D.xml,2573
download/Texts/news/K3B.xml,6041
download/Texts/news/K4R.xml,4766
download/Texts/news/K2E.xml,23259
download/Texts/news/K5B.xml,1756
download/Texts/news/K4U.xml,8551
download/Texts/news/CBM.xml,68578
download/Texts/news/K58.xml,16516
download/Texts/news/K37.xml,35234
download/Texts/news/K39.xml,29681
download/Texts/news/K5K.xml,4148
download/Texts/news/E9S.xml,64619
download/Texts/news/CEL.xml,87523
download/Texts/news/CBD.xml,89893
download/Texts/news/AHF.xml,111796
download/Texts/news/K5E.xml,29749
download/Texts/news/K2N.xml,87506
download/Texts/news/AHC.xml,161318
download/Texts/news/K3A.xml,109540
download/Texts/news/K4Y.xml,115580
download/Texts/news/K3C.xml,157056
download/Texts/news/CFC.xml,177628
download/Texts/news/K4S.xml,152322
download/Texts/news/CBE.xml,190939
download/Texts/news/BM4.xml,230577
download/Texts/news/K5C.xml,222289
download/Texts/news/CH3.xml,507795
